cnr2,hrh3,5ht1a,drd3,aa3r,drd2,aa1r,oprm,aa2ar,5ht2a
6.363162994384766,6.394565582275391,6.701442241668701,5.452671051025391,5.319892406463623,5.867575645446777,5.841790676116943,7.086341381072998,6.306676864624023,6.828980445861816
8.171419143676758,6.6274333000183105,6.039859294891357,5.374168395996094,5.788801193237305,5.037137031555176,6.431142330169678,5.383923530578613,6.201280117034912,6.89021110534668
6.167390823364258,6.665900230407715,7.17584228515625,6.484426975250244,5.781884670257568,7.174572944641113,5.802282810211182,5.978335857391357,6.070398330688477,5.688957214355469
