5ht1a,5ht2a,aa1r,aa2ar,aa3r,cnr2,drd2,drd3,hrh3,oprm
6.701442241668701,6.828980445861816,5.841790676116943,6.306676864624023,5.319892406463623,6.363162994384766,5.867575645446777,5.452671051025391,6.394565582275391,7.086341381072998
6.039859294891357,6.89021110534668,6.431142330169678,6.201280117034912,5.788801193237305,8.171419143676758,5.037137031555176,5.374168395996094,6.6274333000183105,5.383923530578613
7.17584228515625,5.688957214355469,5.802282810211182,6.070398330688477,5.781884670257568,6.167390823364258,7.174572944641113,6.484426975250244,6.665900230407715,5.978335857391357
